post_title,category,number_of_likes,number_of_comments,date,time
Future-proofed regional frame,,297,1,2024-01-01,00:00:00
Open-architected well-modulated budgetary management,sports,257,570,2024-01-01,06:00:00
Centralized next generation toolset,music,251,47,2024-01-01,12:00:00
Fully-configurable homogeneous architecture,gaming,17,98,2024-01-01,18:00:00
Centralized asynchronous application,,62,2,2024-01-02,00:00:00
Grass-roots client-driven portal,movies,269,97,2024-01-02,06:00:00
Networked dedicated productivity,movies,193,28,2024-01-02,12:00:00
Networked cohesive open architecture,fashion,23,42,2024-01-02,18:00:00
Operative object-oriented workforce,music,275,210,2024-01-03,00:00:00
Business-focused foreground access,fashion,51,90,2024-01-03,06:00:00
Multi-channeled bifurcated throughput,movies,211,42,2024-01-03,12:00:00
Assimilated transitional secured line,,183,31,2024-01-03,18:00:00
Synergistic solution-oriented product,movies,221,12,2024-01-04,00:00:00
Universal didactic circuit,fashion,174,7,2024-01-04,06:00:00
Enhanced transitional neural-net,sports,163,25,2024-01-04,12:00:00
Customer-focused mission-critical system engine,tech,62,66,2024-01-04,18:00:00
Proactive explicit focus group,movies,19,81,2024-01-05,00:00:00
Organized human-resource core,,21,32,2024-01-05,06:00:00
Triple-buffered regional hub,fashion,128,82,2024-01-05,12:00:00
Right-sized value-added secured line,gaming,184,58,2024-01-05,18:00:00
Grass-roots client-driven support,music,45,85,2024-01-06,00:00:00
Organized object-oriented access,movies,169,83,2024-01-06,06:00:00
Triple-buffered directional extranet,music,152,50,2024-01-06,12:00:00
Operative 5thgeneration installation,,42,25,2024-01-06,18:00:00
Intuitive didactic info-mediaries,music,175,5,2024-01-07,00:00:00
Face-to-face dynamic access,gaming,183,33,2024-01-07,06:00:00
Ergonomic asynchronous intranet,fashion,36,94,2024-01-07,12:00:00
Distributed object-oriented parallelism,fashion,289,31,2024-01-07,18:00:00
Integrated optimal success,movies,38,50,2024-01-08,00:00:00
Right-sized responsive secured line,sports,234,82,2024-01-08,06:00:00
Ameliorated composite project,music,40,16,2024-01-08,12:00:00
Intuitive transitional implementation,movies,58,33,2024-01-08,18:00:00
Networked context-sensitive capacity,movies,148,94,2024-01-09,00:00:00
Customer-focused scalable workforce,movies,67,39,2024-01-09,06:00:00
Realigned national utilization,movies,251,51,2024-01-09,12:00:00
Persistent even-keeled superstructure,music,296,4,2024-01-09,18:00:00
Adaptive multimedia neural-net,gaming,15,36,2024-01-10,00:00:00
Customer-focused incremental middleware,gaming,28,5,2024-01-10,06:00:00
De-engineered analyzing productivity,music,34,48,2024-01-10,12:00:00
Front-line responsive policy,movies,255,36,2024-01-10,18:00:00
Function-based client-driven flexibility,tech,146,91,2024-01-11,00:00:00
Self-enabling clear-thinking website,movies,256,77,2024-01-11,06:00:00
Expanded background parallelism,tech,31,26,2024-01-11,12:00:00
Pre-emptive human-resource standardization,movies,269,12,2024-01-11,18:00:00
Customer-focused bi-directional hierarchy,music,186,29,2024-01-12,00:00:00
Up-sized reciprocal definition,fashion,75,71,2024-01-12,06:00:00
Seamless zero administration orchestration,sports,74,97,2024-01-12,12:00:00
Organized optimizing installation,movies,295,3,2024-01-12,18:00:00
Secured national middleware,tech,33,26,2024-01-13,00:00:00
Implemented interactive parallelism,sports,219,34,2024-01-13,06:00:00
Sample post title 1,tech,126,27,2024-01-21,00:48:07
Sample post title 2,fashion,460,56,2024-01-12,17:36:18
Sample post title 3,tech,336,24,2024-01-27,16:28:20
Sample post title 4,fashion,358,100,2024-01-21,08:41:49
Sample post title 5,sports,275,72,2024-01-24,10:03:53
Sample post title 6,music,309,81,2024-01-10,05:29:49
Sample post title 7,sports,126,20,2024-01-24,14:42:01
Sample post title 8,music,452,87,2024-01-18,05:29:32
Sample post title 9,sports,97,49,2024-01-27,04:29:38
Sample post title 10,gaming,475,66,2024-01-19,00:46:05
Sample post title 11,gaming,98,77,2024-01-03,08:28:42
Sample post title 12,sports,398,29,2024-01-25,13:39:19
Sample post title 13,tech,420,67,2024-01-24,19:05:34
Sample post title 14,tech,487,23,2024-01-26,14:36:49
Sample post title 15,tech,111,68,2024-01-01,21:08:34
Sample post title 16,sports,7,91,2024-01-17,05:55:10
Sample post title 17,news,488,11,2024-01-17,17:37:22
Sample post title 18,tech,135,7,2024-01-14,07:00:38
Sample post title 19,sports,189,77,2024-01-15,22:39:02
Sample post title 20,gaming,85,53,2024-01-27,04:13:28
Sample post title 21,music,432,38,2024-01-18,21:44:30
Sample post title 22,sports,316,56,2024-01-11,04:00:58
Sample post title 23,fashion,35,88,2024-01-05,06:56:15
Sample post title 24,fashion,125,70,2024-01-27,22:20:57
Sample post title 25,sports,320,15,2024-01-02,15:47:38
Sample post title 26,fashion,479,10,2024-01-08,16:52:17
Sample post title 27,gaming,27,60,2024-01-12,08:38:48
Sample post title 28,music,87,16,2024-01-09,12:48:43
Sample post title 29,gaming,48,57,2024-01-08,09:45:28
Sample post title 30,tech,226,120,2024-01-29,05:05:56
Sample post title 31,news,314,48,2024-01-30,05:52:13
Sample post title 32,news,477,19,2024-01-07,00:35:10
Sample post title 33,news,317,4,2024-01-26,21:25:56
Sample post title 34,fashion,237,0,2024-01-19,06:03:39
Sample post title 35,sports,373,19,2024-01-31,04:27:42
Sample post title 36,music,76,69,2024-01-01,07:36:49
Sample post title 37,gaming,23,10,2024-01-15,06:54:11
Sample post title 38,news,133,89,2024-01-24,13:15:16
Sample post title 39,news,238,92,2024-01-30,15:03:45
Sample post title 40,tech,360,84,2024-01-08,20:28:33
Sample post title 41,tech,303,3,2024-01-09,18:37:56
Sample post title 42,news,290,41,2024-01-21,06:08:54
Sample post title 43,tech,137,45,2024-01-23,21:51:37
Sample post title 44,fashion,59,62,2024-01-29,16:23:14
Sample post title 45,fashion,479,16,2024-01-20,07:11:39
Sample post title 46,fashion,440,57,2024-01-16,02:53:37
Sample post title 47,tech,10,29,2024-01-31,22:38:01
Sample post title 48,gaming,38,65,2024-01-20,18:47:07
Sample post title 49,sports,242,74,2024-01-04,09:40:59
Sample post title 50,music,4000,300,2024-01-21,11:27:10
Sample post title 51,sports,203,53,2024-01-29,18:24:15
Sample post title 52,news,467,44,2024-01-05,16:11:49
Sample post title 53,fashion,246,9,2024-01-31,07:43:05
Sample post title 54,news,201,30,2024-01-03,02:01:00
Sample post title 55,news,106,56,2024-01-10,04:05:13
Sample post title 56,music,100,40,2024-01-02,06:44:13
Sample post title 57,gaming,468,15,2024-01-28,23:33:10
Sample post title 58,news,398,84,2024-01-20,23:48:26
Sample post title 59,sports,177,50,2024-01-07,17:31:20
Sample post title 60,tech,477,90,2024-01-12,23:19:55
Sample post title 61,news,423,10,2024-01-02,04:27:44
Sample post title 62,news,8,95,2024-01-18,05:23:08
Sample post title 63,sports,339,60,2024-01-29,22:40:06
Sample post title 64,music,322,18,2024-01-24,06:12:52
Sample post title 65,news,295,14,2024-01-02,05:01:06
Sample post title 66,music,133,89,2024-01-30,15:45:41
Sample post title 67,music,450,82,2024-01-08,00:14:20
Sample post title 68,news,462,44,2024-01-02,19:33:58
Sample post title 69,tech,180,39,2024-01-04,22:05:09
Sample post title 70,fashion,457,7,2024-01-31,12:13:02
Sample post title 71,tech,109,22,2024-01-13,08:41:17
Sample post title 72,fashion,106,97,2024-01-10,11:47:39
Sample post title 73,sports,453,17,2024-01-10,03:37:45
Sample post title 74,tech,81,2,2024-01-11,00:33:18
Sample post title 75,tech,342,20,2024-01-04,23:59:51
Sample post title 76,sports,19,18,2024-01-30,12:02:44
Sample post title 77,sports,393,30,2024-01-02,10:21:07
Sample post title 78,tech,23,47,2024-01-16,16:09:12
Sample post title 79,gaming,116,76,2024-01-28,02:48:09
Sample post title 80,tech,431,91,2024-01-24,15:11:08
Sample post title 81,sports,179,34,2024-01-10,23:01:32
Sample post title 82,tech,345,42,2024-01-10,05:54:13
Sample post title 83,tech,256,78,2024-01-20,12:52:50
Sample post title 84,tech,443,67,2024-01-29,06:06:40
Sample post title 85,gaming,267,87,2024-01-11,07:22:14
Sample post title 86,sports,337,19,2024-01-11,20:28:05
Sample post title 87,music,74,32,2024-01-21,05:40:54
Sample post title 88,sports,378,68,2024-01-25,13:50:09
Sample post title 89,sports,371,30,2024-01-07,21:12:34
Sample post title 90,sports,325,81,2024-01-28,12:21:35
Sample post title 91,gaming,74,48,2024-01-24,12:39:34
Sample post title 92,music,14,53,2024-01-24,02:30:11
Sample post title 93,sports,488,31,2024-01-02,18:44:12
Sample post title 94,sports,68,93,2024-01-16,13:59:51
Sample post title 95,news,71,48,2024-01-10,01:17:59
Sample post title 96,music,95,56,2024-01-21,22:59:05
Sample post title 97,tech,479,61,2024-01-18,10:28:16
Sample post title 98,news,37,84,2024-01-30,18:19:41
Sample post title 99,gaming,85,90,2024-01-23,03:28:06
Sample post title 100,news,105,75,2024-01-29,04:43:39
Sample post title 101,tech,38,40,2024-01-10,11:22:26
Sample post title 102,music,286,8,2024-01-29,10:36:08
Sample post title 103,fashion,53,43,2024-01-23,10:37:37
Sample post title 104,news,257,37,2024-01-26,18:27:24
Sample post title 105,tech,298,28,2024-01-11,17:34:52
Sample post title 106,fashion,165,20,2024-01-11,20:00:26
Sample post title 107,fashion,134,34,2024-01-24,02:31:22
Sample post title 108,music,378,54,2024-01-08,18:00:23
Sample post title 109,music,285,5,2024-01-26,11:54:01
Sample post title 110,news,310,14,2024-01-10,13:04:40
Sample post title 111,gaming,245,38,2024-01-22,12:12:45
Sample post title 112,fashion,473,68,2024-01-25,08:42:02
Sample post title 113,gaming,432,54,2024-01-16,17:27:34
Sample post title 114,sports,358,96,2024-01-01,01:33:05
Sample post title 115,sports,308,100,2024-01-19,03:46:17
Sample post title 116,gaming,267,42,2024-01-07,20:58:54
Sample post title 117,tech,485,7,2024-01-05,23:38:05
Sample post title 118,sports,77,53,2024-01-12,18:30:36
Sample post title 119,tech,3,65,2024-01-17,15:48:35
Sample post title 120,music,112,75,2024-01-09,12:52:49
Sample post title 121,fashion,283,100,2024-01-28,09:15:32
Sample post title 122,gaming,52,20,2024-01-30,13:36:25
Sample post title 123,gaming,58,40,2024-01-22,04:49:27
Sample post title 124,fashion,336,86,2024-01-29,01:24:28
Sample post title 125,tech,36,78,2024-01-26,15:24:44
Sample post title 126,sports,80,1,2024-01-11,10:00:05
Sample post title 127,music,293,95,2024-01-14,17:35:55
Sample post title 128,tech,249,70,2024-01-24,05:41:17
Sample post title 129,fashion,231,22,2024-01-08,19:05:38
Sample post title 130,sports,283,67,2024-01-18,15:13:21
Sample post title 131,gaming,18,16,2024-01-27,09:10:00
Sample post title 132,music,278,71,2024-01-14,17:30:56
Sample post title 133,news,424,78,2024-01-18,18:44:17
Sample post title 134,fashion,185,33,2024-01-15,00:53:24
Sample post title 135,tech,55,10,2024-01-10,20:28:49
Sample post title 136,sports,492,34,2024-01-03,02:39:32
Sample post title 137,fashion,219,83,2024-01-11,07:39:29
Sample post title 138,tech,15,11,2024-01-09,10:37:11
Sample post title 139,music,425,6,2024-01-16,20:40:51
Sample post title 140,sports,169,54,2024-01-25,15:51:51
Sample post title 141,tech,454,61,2024-01-23,05:29:59
Sample post title 142,sports,24,8,2024-01-25,12:08:55
Sample post title 143,news,119,36,2024-01-14,19:00:57
Sample post title 144,news,138,82,2024-01-12,22:50:24
Sample post title 145,news,185,86,2024-01-01,23:54:47
Sample post title 146,news,328,35,2024-01-28,22:01:15
Sample post title 147,gaming,265,4,2024-01-31,03:17:27
Sample post title 148,fashion,426,42,2024-01-10,17:09:52
Sample post title 149,news,304,46,2024-01-19,01:32:10
Sample post title 150,fashion,5,20,2024-01-18,14:11:18
Sample post title 151,sports,466,6,2024-01-18,13:04:50
Sample post title 152,sports,281,48,2024-01-28,05:28:57
Sample post title 153,fashion,319,51,2024-01-21,16:47:32
Sample post title 154,fashion,250,47,2024-01-29,09:06:21
Sample post title 155,tech,319,80,2024-01-30,00:03:35
Sample post title 156,news,46,14,2024-01-04,05:49:13
Sample post title 157,sports,446,86,2024-01-05,12:18:11
Sample post title 158,music,367,44,2024-01-22,14:16:46
Sample post title 159,tech,174,18,2024-01-04,13:39:05
Sample post title 160,news,298,55,2024-01-17,18:16:37
Sample post title 161,gaming,171,44,2024-01-10,08:58:21
Sample post title 162,music,339,42,2024-01-27,05:36:25
Sample post title 163,tech,219,27,2024-01-03,02:33:39
Sample post title 164,gaming,66,36,2024-01-25,11:00:04
Sample post title 165,tech,246,52,2024-01-31,13:20:24
Sample post title 166,sports,464,97,2024-01-28,10:52:31
Sample post title 167,music,259,52,2024-01-04,02:50:53
Sample post title 168,tech,235,84,2024-01-27,21:35:48
Sample post title 169,music,390,16,2024-01-02,23:57:52
Sample post title 170,fashion,38,12,2024-01-08,17:00:52
Sample post title 171,news,372,66,2024-01-22,12:46:11
Sample post title 172,sports,358,89,2024-01-20,12:20:15
Sample post title 173,fashion,264,56,2024-01-21,01:49:59
Sample post title 174,sports,12,20,2024-01-25,22:42:10
Sample post title 175,tech,499,37,2024-01-28,06:46:01
Sample post title 176,tech,83,95,2024-01-05,12:38:32
Sample post title 177,news,168,58,2024-01-25,10:48:36
Sample post title 178,fashion,1,99,2024-01-15,01:15:58
Sample post title 179,fashion,451,47,2024-01-09,13:20:38
Sample post title 180,music,113,13,2024-01-12,18:58:43
Sample post title 181,tech,16,11,2024-01-26,03:59:54
Sample post title 182,tech,440,93,2024-01-02,11:20:05
Sample post title 183,music,349,24,2024-01-12,01:33:13
Sample post title 184,music,309,13,2024-01-11,00:45:54
Sample post title 185,sports,343,69,2024-01-10,00:43:32
Sample post title 186,tech,458,82,2024-01-18,18:22:24
Sample post title 187,news,370,41,2024-01-20,08:16:13
Sample post title 188,news,149,10,2024-01-31,22:31:42
Sample post title 189,news,215,20,2024-01-22,07:47:30
Sample post title 190,tech,338,4,2024-01-25,13:01:49
Sample post title 191,sports,126,58,2024-01-16,07:00:40
Sample post title 192,tech,391,8,2024-01-08,22:48:27
Sample post title 193,news,203,10,2024-01-19,17:03:39
Sample post title 194,tech,11,64,2024-01-09,08:41:14
Sample post title 195,tech,361,95,2024-01-29,10:52:08
Sample post title 196,news,158,39,2024-01-30,15:17:36
Sample post title 197,tech,421,78,2024-01-17,01:32:08
Sample post title 198,gaming,485,43,2024-01-18,22:20:36
Sample post title 199,tech,456,62,2024-01-17,00:21:06
Sample post title 200,news,136,38,2024-01-18,21:59:17
